STT,BestCost,RunTime
1,3688.31469533172,1097.3999999761581