STT,BestCost,RunTime
1,3657.728911882722,1095.3999999761581
2,3648.5086945927173,1090.5
3,3700.9280492270095,1091.2999999523163
4,3741.6173718757395,1084.7000000476837